model,threshold,flagged,fraud_caught,precision,recall,f1,average_precision
Logistic Regression,0.05,474,48,0.10126582278481013,0.8727272727272727,0.18147448015122875,0.15951111760255257
Logistic Regression,0.1,178,26,0.14606741573033707,0.4727272727272727,0.22317596566523606,0.15951111760255257
Logistic Regression,0.15,71,13,0.18309859154929578,0.23636363636363636,0.20634920634920634,0.15951111760255257
Logistic Regression,0.2,40,8,0.2,0.14545454545454545,0.16842105263157894,0.15951111760255257
Logistic Regression,0.3,17,4,0.23529411764705882,0.07272727272727272,0.1111111111111111,0.15951111760255257
Logistic Regression,0.5,5,1,0.2,0.01818181818181818,0.03333333333333333,0.15951111760255257
Random Forest,0.05,387,42,0.10852713178294573,0.7636363636363637,0.19004524886877827,0.16146927656746354
Random Forest,0.1,184,24,0.13043478260869565,0.43636363636363634,0.200836820083682,0.16146927656746354
Random Forest,0.15,105,17,0.1619047619047619,0.3090909090909091,0.2125,0.16146927656746354
Random Forest,0.2,61,13,0.21311475409836064,0.23636363636363636,0.22413793103448276,0.16146927656746354
Random Forest,0.3,18,3,0.16666666666666666,0.05454545454545454,0.0821917808219178,0.16146927656746354
Random Forest,0.5,0,0,0.0,0.0,0.0,0.16146927656746354
